state_name,state_id,district_name,lg_dt_code,medium,micro,small,total
"ANDHRA PRADESH",28,SRIKAKULAM,519,17,64721,409,65147
"ANDHRA PRADESH",28,Tirupati,752,18,80656,242,80916
"ANDHRA PRADESH",28,VISAKHAPATNAM,520,154,125312,1849,127315
"ANDHRA PRADESH",28,VIZIANAGARAM,521,19,57939,364,58322
"ANDHRA PRADESH",28,Y.S.R,504,28,108155,734,108917
"ARUNACHAL PRADESH",12,"EAST KAMENG",231,0,894,7,901
"ARUNACHAL PRADESH",12,KAMLE,718,0,262,2,264
"ARUNACHAL PRADESH",12,"LOWER DIBANG VALLEY",235,0,1400,13,1413
"ARUNACHAL PRADESH",12,TAWANG,238,1,853,18,872
ASSAM,18,BAKSA,616,4,18834,38,18876
ASSAM,18,BARPETA,280,20,51468,204,51692
ASSAM,18,DARRANG,283,4,39719,171,39894
ASSAM,18,"DIMA HASAO",299,0,4954,26,4980
ASSAM,18,GOLAGHAT,288,3,36627,158,36788
ASSAM,18,LAKHIMPUR,295,10,49750,156,49916
ASSAM,18,MAJULI,706,0,5026,5,5031
ASSAM,18,NALBARI,298,8,37523,96,37627
ASSAM,18,"SOUTH SALMARA MANCACHAR",707,1,10576,28,10605
BIHAR,10,AURANGABAD,189,5,42907,266,43178
BIHAR,10,BEGUSARAI,191,23,60886,359,61268
BIHAR,10,BUXAR,194,6,26265,189,26460
BIHAR,10,JAMUI,198,4,28759,108,28871
BIHAR,10,MADHUBANI,206,7,69463,251,69721
BIHAR,10,PATNA,212,174,217584,2344,220102
BIHAR,10,SAMASTIPUR,217,13,83592,417,84022
BIHAR,10,SHEIKHPURA,219,1,11340,40,11381
CHHATTISGARH,22,BILASPUR,375,59,64429,776,65264
CHHATTISGARH,22,KONDAGAON,643,2,10991,64,11057
CHHATTISGARH,22,SURAJPUR,648,3,12426,87,12516
GUJARAT,24,BHAVNAGAR,443,92,86210,1334,87636
GUJARAT,24,DOHAD,445,11,35827,259,36097
GUJARAT,24,"GIR SOMNATH",675,6,30935,348,31289
GUJARAT,24,PATAN,455,26,31209,403,31638
GUJARAT,24,RAJKOT,457,465,275078,5119,280662
HARYANA,6,AMBALA,58,46,65325,760,66131
HARYANA,6,FARIDABAD,60,271,145533,3280,149084
HARYANA,6,HISAR,63,94,84843,1131,86068
HARYANA,6,KARNAL,67,129,101356,1460,102945
"HIMACHAL PRADESH",2,SHIMLA,23,6,36139,255,36400
"HIMACHAL PRADESH",2,SOLAN,25,111,42538,933,43582
"HIMACHAL PRADESH",2,UNA,26,10,19309,204,19523
JHARKHAND,20,"EAST SINGHBHUM",327,53,78621,936,79610
JHARKHAND,20,"RAMGARH ",607,18,31222,205,31445
JHARKHAND,20,SAHEBGANJ,340,2,16407,102,16511
KARNATAKA,29,BELAGAVI,527,64,176625,1148,177837
KARNATAKA,29,"BENGALURU (URBAN)",525,1344,648602,14123,664069
KARNATAKA,29,CHIKBALLAPUR,630,12,46305,316,46633
KARNATAKA,29,DAVANGERE,535,23,67290,570,67883
KARNATAKA,29,HASSAN,539,26,67451,666,68143
KARNATAKA,29,KOLAR,542,32,54861,497,55390
KARNATAKA,29,KOPPAL,543,10,37083,486,37579
KARNATAKA,29,UDUPI,549,48,58216,609,58873
KARNATAKA,29,"UTTAR KANNAD",550,2,54651,311,54964
KARNATAKA,29,YADGIR,635,14,27892,226,28132
KERALA,32,MALAPPURAM,562,45,100352,1100,101497
"MADHYA PRADESH",23,ALIRAJPUR,639,0,10369,41,10410
"MADHYA PRADESH",23,BALAGHAT,392,5,41791,218,42014
"MADHYA PRADESH",23,BHOPAL,396,136,154189,1679,156004
"MADHYA PRADESH",23,HARDA,408,5,17711,144,17860
"MADHYA PRADESH",23,MANDSAUR,416,10,67370,399,67779
"MADHYA PRADESH",23,RAISEN,421,22,36910,344,37276
"MADHYA PRADESH",23,RAJGARH,422,18,67721,379,68118
"MADHYA PRADESH",23,SHEOPUR,431,1,9751,98,9850
MAHARASHTRA,27,AKOLA,467,53,89436,682,90171
MAHARASHTRA,27,JALGAON,478,111,188082,1272,189465
MAHARASHTRA,27,KOLHAPUR,480,171,283390,2451,286012
MAHARASHTRA,27,NANDURBAR,486,13,39258,295,39566
MAHARASHTRA,27,PUNE,490,1057,1073994,11834,1086885
MAHARASHTRA,27,SANGLI,493,69,175552,1302,176923
MAHARASHTRA,27,YAVATMAL,500,39,92946,542,93527
MANIPUR,14,BISHNUPUR,252,1,15012,25,15038
MANIPUR,14,"IMPHAL EAST",255,1,29479,90,29570
MANIPUR,14,JIRIBAM,713,0,601,1,602
MEGHALAYA,17,"RI BHOI",276,12,4892,61,4965
MEGHALAYA,17,"SOUTH WEST  GARO HILLS",663,0,2500,6,2506
MIZORAM,15,CHAMPHAI,262,0,2680,12,2692
MIZORAM,15,LUNGLEI,265,1,3485,11,3497
MIZORAM,15,Saitual,727,0,899,0,899
NAGALAND,13,Chumoukedima,758,0,3418,3,3421
NAGALAND,13,MOKOKCHUNG,246,1,3500,8,3509
NAGALAND,13,PHEK,248,0,2461,1,2462
ODISHA,21,DHENKANAL,352,4,38825,189,39018
ODISHA,21,GAJAPATI,353,2,12137,40,12179
ODISHA,21,JAJAPUR,356,18,58187,469,58674
ODISHA,21,KORAPUT,363,4,34510,219,34733
ODISHA,21,MAYURBHANJ,365,4,56578,273,56855
PUNJAB,3,GURDASPUR,32,16,61258,309,61583
PUNJAB,3,PATIALA,41,70,124109,927,125106
PUNJAB,3,SANGRUR,43,26,68368,632,69026
RAJASTHAN,8,HANUMANGARH,101,15,79743,461,80219
RAJASTHAN,8,JAIPUR,102,593,577400,7484,585477
RAJASTHAN,8,JALORE,104,5,44185,235,44425
RAJASTHAN,8,KARAULI,108,2,27402,121,27525
RAJASTHAN,8,Kekri,86,0,1724,4,1728
RAJASTHAN,8,Kotputli-Behror,782,4,14634,22,14660
RAJASTHAN,8,Salumbar,777,0,2899,2,2901
RAJASTHAN,8,SIROHI,115,14,36058,243,36315
SIKKIM,11,Gangtok,225,10,9388,114,9512
SIKKIM,11,Gyalshing,228,0,2249,6,2255
SIKKIM,11,Namchi,227,3,4884,31,4918
SIKKIM,11,Soreng,742,0,1567,1,1568
"TAMIL NADU",33,ARIYALUR,610,9,33422,134,33565
"TAMIL NADU",33,COIMBATORE,569,394,306078,4576,311048
"TAMIL NADU",33,KARUR,576,25,51315,456,51796
"TAMIL NADU",33,THENI,588,26,66557,436,67019
"TAMIL NADU",33,TIRUNELVELI,592,24,97143,628,97795
"TAMIL NADU",33,VIRUDHUNAGAR,597,64,99354,922,100340
TELANGANA,36,JANGOAN,689,1,20541,94,20636
TELANGANA,36,"JOGULAMBA GADWAL",695,1,19047,96,19144
TELANGANA,36,"KOMARAM BHEEM ASIFABAD",699,2,14854,49,14905
TELANGANA,36,MAHABUBNAGAR,512,19,50134,298,50451
TELANGANA,36,"MEDCHAL MALKAJGIRI",700,192,177431,2920,180543
TELANGANA,36,Narayanpet,721,0,12939,39,12978
TELANGANA,36,PEDDAPALLI,682,3,31744,184,31931
TELANGANA,36,SIDDIPET,692,12,51367,272,51651
TELANGANA,36,Warangal,522,12,47711,198,47921
TRIPURA,16,KHOWAI,652,1,9856,24,9881
"UTTAR PRADESH",9,AMROHA,154,25,38556,295,38876
"UTTAR PRADESH",9,BALRAMPUR,127,1,22879,118,22998
"UTTAR PRADESH",9,BARABANKI,129,25,54710,433,55168
"UTTAR PRADESH",9,BUDAUN,133,10,46548,291,46849
"UTTAR PRADESH",9,CHITRAKOOT,136,9,15218,92,15319
"UTTAR PRADESH",9,ETAH,138,11,32688,269,32968
"UTTAR PRADESH",9,HAMIRPUR,149,9,19711,140,19860
"UTTAR PRADESH",9,HARDOI,150,12,59685,332,60029
"UTTAR PRADESH",9,JALAUN,151,3,29703,192,29898
"UTTAR PRADESH",9,JAUNPUR,152,12,87209,337,87558
"UTTAR PRADESH",9,KASGANJ,633,5,23800,160,23965
"UTTAR PRADESH",9,LUCKNOW,162,229,259250,3127,262606
"UTTAR PRADESH",9,PILIBHIT,173,6,42992,206,43204
"UTTAR PRADESH",9,PRAYAGRAJ,120,60,136773,1033,137866
"UTTAR PRADESH",9,RAMPUR,176,31,55896,396,56323
"UTTAR PRADESH",9,SAHARANPUR,177,24,121663,630,122317
"UTTAR PRADESH",9,SHAMLI,660,10,38122,166,38298
UTTARAKHAND,5,CHAMOLI,47,0,11957,20,11977
"WEST BENGAL",19,COOCHBEHAR,308,6,61996,293,62295
"WEST BENGAL",19,HOWRAH,313,95,127422,1820,129337
"WEST BENGAL",19,NADIA,320,14,113737,590,114341
"WEST BENGAL",19,"NORTH 24 PRAGANAS",303,129,258325,2108,260562
"WEST BENGAL",19,PURULIA,321,7,36283,231,36521
"WEST BENGAL",19,"UTTAR DINAJPUR",311,15,62341,574,62930
DELHI,7,EAST,78,200,109620,2710,112530
"JAMMU AND KASHMIR",1,BARAMULLA,3,4,51052,153,51209
"JAMMU AND KASHMIR",1,KISHTWAR,620,0,8993,22,9015
"JAMMU AND KASHMIR",1,POONCH,10,0,12477,32,12509
"JAMMU AND KASHMIR",1,RAMBAN,621,1,11791,26,11818
LADAKH,37,"LEH LADAKH",9,3,9107,91,9201
PUDUCHERRY,34,YANAM,600,4,797,22,823
"ANDHRA PRADESH",28,Annamayya,753,3,61781,129,61913
"ANDHRA PRADESH",28,"EAST GODAVARI",505,97,109185,1445,110727
"ANDHRA PRADESH",28,Eluru,748,10,63823,246,64079
"ANDHRA PRADESH",28,Nandyal,755,6,62964,189,63159
"ARUNACHAL PRADESH",12,"DIBANG VALLEY",230,0,175,6,181
"ARUNACHAL PRADESH",12,"KRA DAADI",677,0,363,2,365
"ARUNACHAL PRADESH",12,"KURUNG KUMEY",233,0,340,4,344
"ARUNACHAL PRADESH",12,LONGDING,666,0,434,4,438
"ARUNACHAL PRADESH",12,"WEST KAMENG",242,0,2064,17,2081
"ARUNACHAL PRADESH",12,"WEST SIANG",243,0,1138,18,1156
ASSAM,18,MARIGAON,296,4,29682,80,29766
ASSAM,18,NAGAON,297,19,58059,318,58396
ASSAM,18,SIVASAGAR,300,6,29243,163,29412
ASSAM,18,SONITPUR,301,12,39720,214,39946
ASSAM,18,TINSUKIA,302,13,44466,364,44843
BIHAR,10,ARARIA,188,11,52426,358,52795
BIHAR,10,BHOJPUR,193,13,39588,267,39868
BIHAR,10,DARBHANGA,195,13,68229,338,68580
BIHAR,10,GAYA,196,15,87967,466,88448
BIHAR,10,MUNGER,207,2,25911,70,25983
BIHAR,10,"PASHCHIM  CHAMPARAN",211,5,64647,277,64929
BIHAR,10,SAHARSA,216,8,35507,170,35685
BIHAR,10,SARAN,218,12,58569,279,58860
BIHAR,10,SHEOHAR,220,2,10982,24,11008
CHHATTISGARH,22,JASHPUR,380,3,14204,81,14288
CHHATTISGARH,22,KANKER,381,1,16349,88,16438
CHHATTISGARH,22,RAIGARH,386,63,35551,514,36128
CHHATTISGARH,22,RAJNANDAGAON,388,15,34702,330,35047
CHHATTISGARH,22,SUKMA,642,0,2547,17,2564
CHHATTISGARH,22,SURGUJA,389,9,22851,230,23090
GUJARAT,24,AHMADABAD,438,1221,589495,13045,603761
GUJARAT,24,KHEDA,450,26,55638,456,56120
GUJARAT,24,"SABAR KANTHA",458,37,41447,592,42076
GUJARAT,24,SURAT,459,719,576838,11299,588856
GUJARAT,24,TAPI,641,10,13560,145,13715
HARYANA,6,JIND,65,25,55583,605,56213
HARYANA,6,NUH,604,7,35763,261,36031
HARYANA,6,PALWAL,619,24,37602,406,38032
HARYANA,6,PANCHKULA,70,46,35494,681,36221
HARYANA,6,REWARI,72,43,36723,626,37392
HARYANA,6,SIRSA,74,41,61162,570,61773
"HIMACHAL PRADESH",2,BILASPUR,15,3,13532,77,13612
"HIMACHAL PRADESH",2,CHAMBA,16,2,12353,43,12398
"HIMACHAL PRADESH",2,KINNAUR,19,1,3921,10,3932
"HIMACHAL PRADESH",2,SIRMAUR,24,49,19433,311,19793
JHARKHAND,20,CHATRA,323,0,22526,73,22599
JHARKHAND,20,DHANBAD,325,37,81475,734,82246
JHARKHAND,20,GODDA,330,2,20518,76,20596
JHARKHAND,20,JAMTARA,333,2,11345,29,11376
JHARKHAND,20,"LOHARDAGA ",336,2,11039,45,11086
JHARKHAND,20,"PAKUR ",337,3,11292,79,11374
JHARKHAND,20,"RANCHI ",339,97,127583,1391,129071
JHARKHAND,20,"WEST SINGHBHUM",343,5,23302,116,23423
KARNATAKA,29,CHAMARAJNAGAR,531,5,28125,168,28298
KARNATAKA,29,RAMANAGARA,631,20,46031,340,46391
KERALA,32,KASARAGOD,558,12,38521,297,38830
KERALA,32,KOLLAM,559,31,73870,897,74798
KERALA,32,PALAKKAD,563,44,89812,847,90703
KERALA,32,PATHANAMTHIPTA,564,13,35686,308,36007
"MADHYA PRADESH",23,ANUPPUR,390,2,14131,62,14195
"MADHYA PRADESH",23,ASHOKNAGAR,391,4,25278,146,25428
"MADHYA PRADESH",23,BURHANPUR,397,7,24242,171,24420
"MADHYA PRADESH",23,CHHATARPUR,398,7,35975,282,36264
"MADHYA PRADESH",23,DATIA,401,2,19187,126,19315
"MADHYA PRADESH",23,DINDORI,404,0,10504,36,10540
"MADHYA PRADESH",23,MORENA,417,25,43696,275,43996
"MADHYA PRADESH",23,NARSINGHPUR,418,10,30361,232,30603
"MADHYA PRADESH",23,Pandhurna,785,0,3277,6,3283
"MADHYA PRADESH",23,RATLAM,423,22,65373,533,65928
"MADHYA PRADESH",23,SEONI,428,7,31543,255,31805
"MADHYA PRADESH",23,SHAHDOL,429,1,22814,127,22942
"MADHYA PRADESH",23,UMARIA,436,3,9558,45,9606
MAHARASHTRA,27,DHULE,474,36,72175,525,72736
MAHARASHTRA,27,GADCHIROLI,475,7,27432,145,27584
MAHARASHTRA,27,"MUMBAI SUBURBAN",483,1071,510406,8874,520351
MAHARASHTRA,27,"NAN DED",485,42,123795,745,124582
MAHARASHTRA,27,NASHIK,487,195,377932,3642,381769
MAHARASHTRA,27,RATNAGIRI,492,10,87593,335,87938
MAHARASHTRA,27,WASHIM,499,17,45692,252,45961
MANIPUR,14,KAMJONG,717,0,728,0,728
MANIPUR,14,KANGPOKPI,712,0,3093,1,3094
MANIPUR,14,UKHRUL,260,0,3178,6,3184
MEGHALAYA,17,"SOUTH WEST KHASI HILLS",658,0,1833,2,1835
MIZORAM,15,SAIHA,267,0,634,4,638
NAGALAND,13,WOKHA,250,0,3007,6,3013
ODISHA,21,BALANGIR,345,15,44648,280,44943
ODISHA,21,BHADRAK,348,12,58060,213,58285
ODISHA,21,BOUDH,349,0,12252,46,12298
ODISHA,21,KALAHANDI,358,6,34655,224,34885
ODISHA,21,KENDRAPARA,360,9,46653,152,46814
ODISHA,21,KHORDHA,362,178,153003,1938,155119
PUNJAB,3,BARNALA,605,8,34236,213,34457
PUNJAB,3,FAZILKA,651,28,43542,311,43881
PUNJAB,3,KAPURTHALA,35,14,49241,283,49538
PUNJAB,3,"TARN TARAN",609,6,38307,127,38440
RAJASTHAN,8,Balotra,775,3,10086,65,10154
RAJASTHAN,8,CHURU,96,11,79146,332,79489
RAJASTHAN,8,DAUSA,97,9,55872,258,56139
RAJASTHAN,8,Deeg,767,0,7821,10,7831
RAJASTHAN,8,"Didwana Kuchaman",768,2,18738,18,18758
RAJASTHAN,8,Dudu,102,0,1245,4,1249
RAJASTHAN,8,DUNGARPUR,99,4,32902,97,33003
RAJASTHAN,8,Khairthal-Tijara,770,2,9817,18,9837
RAJASTHAN,8,"SAWAI MADHOPUR",113,3,35523,232,35758
RAJASTHAN,8,SIKAR,114,18,126221,611,126850
SIKKIM,11,Mangan,226,0,1298,5,1303
"TAMIL NADU",33,DHARMAPURI,571,13,90717,323,91053
"TAMIL NADU",33,DINDIGUL,572,39,112441,758,113238
"TAMIL NADU",33,ERODE,573,98,138153,1544,139795
"TAMIL NADU",33,MADURAI,578,83,177218,1479,178780
"TAMIL NADU",33,NAGAPATTINAM,579,2,37518,147,37667
"TAMIL NADU",33,Ranipet,731,5,50677,158,50840
"TAMIL NADU",33,THIRUVALLUR,589,133,169154,1842,171129
TELANGANA,36,ADILABAD,501,8,29728,164,29900
TELANGANA,36,MAHABUBABAD,688,4,26330,114,26448
TELANGANA,36,NALGONDA,514,36,87737,507,88280
TELANGANA,36,Nirmal,680,7,30505,126,30638
TELANGANA,36,NIZAMABAD,516,24,77436,400,77860
TRIPURA,16,GOMATI,654,2,14486,56,14544
TRIPURA,16,UNAKOTI,655,0,10108,36,10144
"UTTAR PRADESH",9,"AMBEDAKAR NAGAR",121,4,48321,198,48523
"UTTAR PRADESH",9,AZAMGARH,123,7,105285,336,105628
"UTTAR PRADESH",9,FIROZABAD,143,25,64602,319,64946
"UTTAR PRADESH",9,"GAUTAM BUDDHA NAGAR",144,462,203962,4024,208448
"UTTAR PRADESH",9,GHAZIPUR,146,12,71543,263,71818
"UTTAR PRADESH",9,LALITPUR,161,12,24173,172,24357
"UTTAR PRADESH",9,MAHOBA,165,7,17040,153,17200
"UTTAR PRADESH",9,MEERUT,169,86,157113,1362,158561
"UTTAR PRADESH",9,SAMBHAL,659,99,39584,492,40175
"UTTAR PRADESH",9,SITAPUR,183,7,56080,324,56411
"UTTAR PRADESH",9,UNNAO,186,14,46311,252,46577
"UTTAR PRADESH",9,VARANASI,187,89,175824,1469,177382
UTTARAKHAND,5,DEHRADUN,49,64,125284,1058,126406
"WEST BENGAL",19,BIRBHUM,307,13,72005,501,72519
"WEST BENGAL",19,KALIMPONG,702,1,7696,15,7712
"WEST BENGAL",19,"PASCHIM BARDHAMAN",704,74,74692,925,75691
"WEST BENGAL",19,"SOUTH 24 PRAGANAS",304,112,180036,1029,181177
"WEST BENGAL",19,"WEST MEDINIPUR",318,30,113019,795,113844
DELHI,7,"NORTH EAST",81,65,78881,938,79884
DELHI,7,"SOUTH EAST",670,88,45239,821,46148
DELHI,7,WEST,85,251,149402,3205,152858
"JAMMU AND KASHMIR",1,BUDGAM,2,2,49756,109,49867
"JAMMU AND KASHMIR",1,DODA,4,2,15915,26,15943
"JAMMU AND KASHMIR",1,PULWAMA,11,22,35758,228,36008
"JAMMU AND KASHMIR",1,REASI,627,1,11067,48,11116
"JAMMU AND KASHMIR",1,SAMBA,624,23,16018,192,16233
"JAMMU AND KASHMIR",1,SRINAGAR,13,34,90104,616,90754
"ANDHRA PRADESH",28,"Alluri Sitharama Raju",745,1,8990,7,8998
"ANDHRA PRADESH",28,Anakapalli,744,5,41579,110,41694
"ANDHRA PRADESH",28,CHITOOR,503,45,101555,788,102388
"ANDHRA PRADESH",28,GUNTUR,506,141,125770,2186,128097
"ANDHRA PRADESH",28,PRAKASAM,517,27,85688,774,86489
"ANDHRA PRADESH",28,"SPSR NELLORE",515,60,110648,1115,111823
"ANDHRA PRADESH",28,"WEST GODAVARI",523,121,111225,1707,113053
"ARUNACHAL PRADESH",12,ANJAW,628,0,240,2,242
"ARUNACHAL PRADESH",12,CHANGLANG,229,0,1710,15,1725
"ARUNACHAL PRADESH",12,"EAST SIANG",232,0,2085,28,2113
"ARUNACHAL PRADESH",12,"LOWER SUBANSIRI",236,1,1595,10,1606
"ARUNACHAL PRADESH",12,"SHI YOMI",725,0,144,0,144
"ARUNACHAL PRADESH",12,SIANG,679,1,322,1,324
"ARUNACHAL PRADESH",12,TIRAP,239,0,482,8,490
ASSAM,18,GOALPARA,287,5,29443,139,29587
ASSAM,18,HOJAI,709,3,27438,102,27543
ASSAM,18,"WEST KARBI ANGLONG",710,102,4800,17,4919
BIHAR,10,BANKA,190,1,33109,101,33211
BIHAR,10,GOPALGANJ,197,11,41613,182,41806
BIHAR,10,KATIHAR,201,9,59707,329,60045
BIHAR,10,MADHEPURA,205,8,35262,204,35474
BIHAR,10,SITAMARHI,221,11,57367,225,57603
BIHAR,10,SUPAUL,223,7,46131,200,46338
CHHATTISGARH,22,BALOD,646,3,18160,93,18256
CHHATTISGARH,22,DHAMTARI,377,6,21682,239,21927
CHHATTISGARH,22,DURG,378,93,70878,956,71927
CHHATTISGARH,22,JANJGIR-CHAMPA,379,10,34464,221,34695
CHHATTISGARH,22,"MANENDRAGARH CHIRIMIRI BHARATPUR",760,0,5173,13,5186
CHHATTISGARH,22,"MOHLA MANPUR AMBAGARH CHOUKI",761,0,3101,1,3102
CHHATTISGARH,22,MUNGELI,647,1,13074,45,13120
GOA,30,"SOUTH GOA",552,26,35400,467,35893
GUJARAT,24,AMRELI,439,34,33674,456,34164
GUJARAT,24,BOTAD,676,16,17171,294,17481
GUJARAT,24,CHHOTAUDEPUR,668,4,12021,87,12112
GUJARAT,24,"DEVBHOOMI DWARKA",674,8,17696,184,17888
GUJARAT,24,MAHESANA,451,203,66827,1982,69012
GUJARAT,24,NARMADA,452,1,8543,52,8596
GUJARAT,24,NAVSARI,453,24,43502,462,43988
GUJARAT,24,"PANCH MAHALS",454,26,36102,325,36453
GUJARAT,24,SURENDRANAGAR,460,34,45990,552,46576
HARYANA,6,FATEHABAD,61,27,44656,454,45137
HARYANA,6,GURUGRAM,62,565,175806,4702,181073
HARYANA,6,JHAJJAR,64,37,36556,883,37476
HARYANA,6,MAHENDRAGARH,69,11,31230,309,31550
HARYANA,6,PANIPAT,71,88,85204,2067,87359
HARYANA,6,YAMUNANAGAR,76,29,68180,873,69082
"HIMACHAL PRADESH",2,KANGRA,18,15,44188,361,44564
"HIMACHAL PRADESH",2,"LAHUL AND SPITI",21,0,1175,2,1177
"HIMACHAL PRADESH",2,MANDI,22,8,32947,189,33144
JHARKHAND,20,DEOGHAR,324,15,36080,206,36301
JHARKHAND,20,DUMKA,326,3,20423,124,20550
JHARKHAND,20,"HAZARIBAG ",332,14,55637,272,55923
JHARKHAND,20,LATEHAR,335,3,11556,47,11606
JHARKHAND,20,PALAMU,338,7,30097,184,30288
KARNATAKA,29,BAGALKOT,524,13,60471,350,60834
KARNATAKA,29,"DAKSHIN KANNAD",534,80,98559,1215,99854
KARNATAKA,29,KODAGU,541,24,21203,248,21475
KARNATAKA,29,SHIVAMOGGA,547,28,71261,619,71908
KARNATAKA,29,VIJAYANAGAR,738,2,25848,136,25986
KERALA,32,KANNUR,557,39,78789,721,79549
KERALA,32,KOTTAYAM,560,46,59491,841,60378
KERALA,32,THIRUVANANTHAPURAM,565,50,130769,1107,131926
"MADHYA PRADESH",23,BETUL,394,9,42544,209,42762
"MADHYA PRADESH",23,DHAR,403,72,73709,667,74448
"MADHYA PRADESH",23,JABALPUR,411,47,93209,897,94153
"MADHYA PRADESH",23,KHARGONE,414,16,54224,369,54609
"MADHYA PRADESH",23,MAUGANJ,766,0,2919,2,2921
"MADHYA PRADESH",23,PANNA,420,0,16829,53,16882
"MADHYA PRADESH",23,REWA,424,8,51853,295,52156
"MADHYA PRADESH",23,UJJAIN,435,26,102345,642,103013
MAHARASHTRA,27,AHMEDNAGAR,466,100,283934,1968,286002
MAHARASHTRA,27,AMRAVATI,468,45,132984,831,133860
MAHARASHTRA,27,AURANGABAD,469,191,283063,2071,285325
MAHARASHTRA,27,BEED,470,42,118775,590,119407
MAHARASHTRA,27,BHANDARA,471,9,64442,201,64652
MAHARASHTRA,27,CHANDRAPUR,473,40,86181,557,86778
MAHARASHTRA,27,PALGHAR,665,105,224599,1736,226440
MAHARASHTRA,27,PARBHANI,489,26,73144,339,73509
MAHARASHTRA,27,SATARA,494,65,184394,961,185420
MANIPUR,14,CHURACHANDPUR,254,0,6015,18,6033
MANIPUR,14,"IMPHAL WEST",256,9,35303,198,35510
MANIPUR,14,NONEY,714,0,1371,2,1373
MANIPUR,14,TAMENGLONG,258,1,1784,8,1793
MEGHALAYA,17,"EAST GARO HILLS",273,2,2960,8,2970
MEGHALAYA,17,"EAST KHASI HILLS",274,15,17021,213,17249
MIZORAM,15,Khawzawl,728,0,573,2,575
NAGALAND,13,Noklak,736,0,618,0,618
NAGALAND,13,PEREN,613,0,1688,0,1688
NAGALAND,13,Tseminyu,757,0,582,0,582
ODISHA,21,BALESHWAR,346,16,88072,483,88571
ODISHA,21,GANJAM,354,16,109766,678,110460
ODISHA,21,JHARSUGUDA,357,15,21893,317,22225
ODISHA,21,SUNDARGARH,373,107,59656,876,60639
PUNJAB,3,AMRITSAR,27,78,135990,1254,137322
PUNJAB,3,"FATEHGARH SAHIB",30,208,32617,1415,34240
PUNJAB,3,FIROZEPUR,31,12,47864,238,48114
PUNJAB,3,JALANDHAR,34,101,154470,1533,156104
PUNJAB,3,LUDHIANA,36,412,281279,5852,287543
PUNJAB,3,MOGA,38,17,57702,286,58005
PUNJAB,3,PATHANKOT,662,8,25860,209,26077
PUNJAB,3,"SAS NAGAR",608,126,122134,1342,123602
PUNJAB,3,"SHAHID BHAGAT SINGH NAGAR",40,5,32177,111,32293
RAJASTHAN,8,AJMER,86,73,152657,1373,154103
RAJASTHAN,8,BARAN,89,21,33771,304,34096
RAJASTHAN,8,Beawar,774,4,13306,40,13350
RAJASTHAN,8,BIKANER,93,75,122955,1389,124419
RAJASTHAN,8,BUNDI,94,21,37291,246,37558
RAJASTHAN,8,CHITTORGARH,95,14,73935,499,74448
RAJASTHAN,8,DHOLPUR,98,6,23455,148,23609
RAJASTHAN,8,JAISALMER,103,5,25990,136,26131
RAJASTHAN,8,KOTA,109,71,101971,1247,103289
RAJASTHAN,8,"Neem Ka Thana",114,1,3436,12,3449
RAJASTHAN,8,PRATAPGARH,629,1,25188,111,25300
RAJASTHAN,8,Sanchor,104,0,1994,7,2001
"TAMIL NADU",33,CUDDALORE,570,30,121221,527,121778
"TAMIL NADU",33,KRISHNAGIRI,577,56,117639,1056,118751
"TAMIL NADU",33,Mayiladuthurai,735,3,34698,85,34786
"TAMIL NADU",33,SALEM,584,113,221444,1838,223395
"TAMIL NADU",33,Tirupathur,732,2,57243,122,57367
"TAMIL NADU",33,TIRUPPUR,634,197,198566,3397,202160
TELANGANA,36,KARIMNAGAR,508,18,69786,474,70278
TELANGANA,36,MANCHERIAL,684,4,40316,139,40459
TELANGANA,36,"RAJANNA SIRCILLA",683,1,28460,57,28518
TELANGANA,36,SANGAREDDY,691,57,66274,581,66912
TRIPURA,16,DHALAI,269,2,9200,20,9222
TRIPURA,16,"SOUTH TRIPURA",271,5,12292,50,12347
"UTTAR PRADESH",9,AGRA,118,144,182682,1869,184695
"UTTAR PRADESH",9,AMETHI,640,11,34301,171,34483
"UTTAR PRADESH",9,BAGHPAT,124,3,42729,164,42896
"UTTAR PRADESH",9,BAHRAICH,125,21,46008,336,46365
"UTTAR PRADESH",9,BANDA,128,3,23138,157,23298
"UTTAR PRADESH",9,BIJNOR,132,14,64810,375,65199
"UTTAR PRADESH",9,GORAKHAPUR,148,61,114116,1131,115308
"UTTAR PRADESH",9,MAHARAJGANJ,164,12,44584,209,44805
"UTTAR PRADESH",9,"RAE BARELI",175,10,58306,290,58606
"UTTAR PRADESH",9,SHAHJAHANPUR,180,26,52544,455,53025
"UTTAR PRADESH",9,SHRAVASTI,181,1,13931,45,13977
"UTTAR PRADESH",9,SIDDHARTHNAGAR,182,4,34777,175,34956
"UTTAR PRADESH",9,SULTANPUR,185,3,41784,199,41986
UTTARAKHAND,5,HARIDWAR,50,96,87733,995,88824
"WEST BENGAL",19,ALIPURDUAR,664,5,32560,185,32750
"WEST BENGAL",19,JALPAIGURI,314,22,60001,531,60554
"WEST BENGAL",19,KOLKOTA,315,1053,186040,8617,195710
CHANDIGARH,4,CHANDIGARH,44,133,61867,1269,63269
DELHI,7,NORTH,80,222,69289,2819,72330
DELHI,7,"SOUTH ",83,462,116889,3548,120899
"JAMMU AND KASHMIR",1,KATHUA,7,17,25922,177,26116
"JAMMU AND KASHMIR",1,KUPWARA,8,6,29768,62,29836
"JAMMU AND KASHMIR",1,UDHAMPUR,14,3,17417,80,17500
LAKSHADWEEP,31,"LAKSHADWEEP DISTRICT",553,0,1552,0,1552
PUDUCHERRY,34,KARAIKAL,598,5,10054,88,10147
PUDUCHERRY,34,PONDICHERRY,600,50,51144,533,51727
"ANDHRA PRADESH",28,Bapatla,750,5,43550,135,43690
"ANDHRA PRADESH",28,Palnadu,751,3,61006,194,61203
"ANDHRA PRADESH",28,"Parvathipuram Manyam",743,0,14246,43,14289
"ANDHRA PRADESH",28,"Sri Sathya Sai",754,5,57120,102,57227
"ARUNACHAL PRADESH",12,"LOWER SIANG",719,0,494,7,501
"ARUNACHAL PRADESH",12,NAMSAI,678,0,2503,10,2513
"ARUNACHAL PRADESH",12,"PAPUM PARE",237,15,9522,194,9731
ASSAM,18,BAJALI,739,1,5338,19,5358
ASSAM,18,CACHAR,282,19,70610,316,70945
ASSAM,18,CHIRANG,612,7,13579,55,13641
ASSAM,18,DHUBRI,285,10,44503,166,44679
ASSAM,18,DIBRUGARH,286,8,47815,322,48145
ASSAM,18,JORHAT,290,17,33302,277,33596
ASSAM,18,KARIMGANJ,293,4,32162,145,32311
ASSAM,18,KOKRAJHAR,294,8,26060,96,26164
ASSAM,18,TAMULPUR,756,0,5490,8,5498
BIHAR,10,ARWAL,611,0,10303,38,10341
BIHAR,10,JEHANABAD,199,1,16913,94,17008
BIHAR,10,"KAIMUR (BHABUA)",200,6,21507,286,21799
BIHAR,10,KHAGARIA,202,15,29137,174,29326
BIHAR,10,LAKHISARAI,204,1,15182,80,15263
BIHAR,10,MUZAFFARPUR,208,33,117159,778,117970
BIHAR,10,NALANDA,209,4,51496,255,51755
BIHAR,10,NAWADA,210,3,35304,160,35467
BIHAR,10,PURNIA,214,47,79858,685,80590
CHHATTISGARH,22,"BALOD BAZAR",644,3,24799,303,25105
CHHATTISGARH,22,BALRAMPUR,649,0,9628,39,9667
CHHATTISGARH,22,BASTAR,374,5,19147,158,19310
CHHATTISGARH,22,BEMETARA,650,3,15941,80,16024
CHHATTISGARH,22,BIJAPUR,636,1,3091,9,3101
CHHATTISGARH,22,MAHASAMUND,385,2,25723,187,25912
CHHATTISGARH,22,NARAYANPUR,637,0,2438,11,2449
CHHATTISGARH,22,SAKTI,762,0,8298,20,8318
CHHATTISGARH,22,"SARANGARH BILAIGARH",763,0,6996,8,7004
GUJARAT,24,ARVALLI,672,3,21974,206,22183
GUJARAT,24,BHARUCH,442,82,68270,1372,69724
GUJARAT,24,GANDHINAGAR,446,101,68708,1220,70029
GUJARAT,24,KACHCHH,449,199,111827,2535,114561
GUJARAT,24,MORBI,673,237,55481,2458,58176
GUJARAT,24,VADODARA,461,279,219538,3211,223028
HARYANA,6,BHIWANI,59,33,48820,570,49423
HARYANA,6,KURUKSHETRA,68,26,66689,520,67235
HARYANA,6,ROHTAK,73,58,46692,726,47476
HARYANA,6,SONIPAT,75,128,66101,1527,67756
"HIMACHAL PRADESH",2,HAMIRPUR,17,2,15835,100,15937
"HIMACHAL PRADESH",2,KULLU,20,3,25774,99,25876
JHARKHAND,20,"BOKARO ",322,26,61329,409,61764
JHARKHAND,20,"KHUNTI ",606,0,7479,29,7508
JHARKHAND,20,"KODERMA ",334,11,22420,103,22534
KARNATAKA,29,BALLARI,528,63,58852,929,59844
KARNATAKA,29,"BENGALURU (RURAL)",526,142,117492,1518,119152
KARNATAKA,29,BIDAR,529,18,49486,323,49827
KARNATAKA,29,CHIKKAMAGALURU,532,18,40293,382,40693
KARNATAKA,29,CHITRADURGA,533,19,49064,368,49451
KARNATAKA,29,DHARWAD,536,72,93092,950,94114
KARNATAKA,29,HAVERI,540,17,54072,401,54490
KARNATAKA,29,KALABURAGI,538,31,64859,639,65529
KARNATAKA,29,MANDYA,544,7,59910,418,60335
KARNATAKA,29,RAICHUR,546,37,47767,720,48524
KERALA,32,ALAPPUZHA,554,15,63054,588,63657
KERALA,32,ERNAKULAM,555,251,145187,3244,148682
KERALA,32,THRISSUR,566,103,104278,1241,105622
KERALA,32,WAYANAD,567,10,29374,275,29659
"MADHYA PRADESH",23,"AGAR MALWA",667,5,27659,123,27787
"MADHYA PRADESH",23,CHHINDWARA,399,30,63370,411,63811
"MADHYA PRADESH",23,DEWAS,402,26,66916,391,67333
"MADHYA PRADESH",23,GUNA,406,10,47873,269,48152
"MADHYA PRADESH",23,GWALIOR,407,66,104272,1038,105376
"MADHYA PRADESH",23,HOSHANGABAD,409,34,37400,309,37743
"MADHYA PRADESH",23,INDORE,410,338,264788,4449,269575
"MADHYA PRADESH",23,JHABUA,412,5,23789,107,23901
"MADHYA PRADESH",23,KATNI,413,36,30382,433,30851
"MADHYA PRADESH",23,NIWARI,722,1,5459,35,5495
"MADHYA PRADESH",23,SEHORE,427,9,52570,334,52913
"MADHYA PRADESH",23,SHIVPURI,432,3,35907,270,36180
"MADHYA PRADESH",23,VIDISHA,437,10,48414,328,48752
MAHARASHTRA,27,BULDHANA,472,38,116030,612,116680
MAHARASHTRA,27,GONDIA,476,11,57220,491,57722
MAHARASHTRA,27,JALNA,479,59,103957,557,104573
MAHARASHTRA,27,LATUR,481,71,122044,805,122920
MAHARASHTRA,27,NAGPUR,484,351,323478,3804,327633
MAHARASHTRA,27,RAIGAD,491,121,245300,1723,247144
MAHARASHTRA,27,SINDHUDURG,495,3,57086,127,57216
MAHARASHTRA,27,WARDHA,498,59,70776,382,71217
MANIPUR,14,CHANDEL,253,2,2084,12,2098
MANIPUR,14,KAKCHING,711,1,6466,15,6482
MANIPUR,14,SENAPATI,257,1,5409,13,5423
MANIPUR,14,THOUBAL,259,1,15332,35,15368
MEGHALAYA,17,"WEST GARO HILLS",278,1,10364,54,10419
MIZORAM,15,AIZAWL,261,6,19984,157,20147
MIZORAM,15,MAMIT,266,0,1410,4,1414
NAGALAND,13,KIPHRIE,614,0,1441,1,1442
NAGALAND,13,KOHIMA,245,3,7583,28,7614
NAGALAND,13,LONGLENG,615,0,1226,0,1226
NAGALAND,13,MON,247,0,3236,5,3241
ODISHA,21,DEOGARH,351,1,8968,20,8989
ODISHA,21,JAGATSINGHPUR,355,4,41476,192,41672
ODISHA,21,KANDHAMAL,359,3,16034,45,16082
ODISHA,21,KENDUJHAR,361,55,50742,451,51248
ODISHA,21,NABARANGPUR,366,8,19445,143,19596
ODISHA,21,PURI,369,5,77495,250,77750
PUNJAB,3,FARIDKOT,29,13,33788,175,33976
RAJASTHAN,8,ALWAR,87,155,142841,1671,144667
RAJASTHAN,8,Anoopgarh,100,0,4145,10,4155
RAJASTHAN,8,BARMER,90,50,72689,912,73651
RAJASTHAN,8,BHARATPUR,91,23,56365,472,56860
RAJASTHAN,8,GANGANAGAR,100,66,108399,824,109289
RAJASTHAN,8,JHALAWAR,105,7,48273,313,48593
RAJASTHAN,8,JHUNJHUNU,106,13,87471,397,87881
RAJASTHAN,8,JODHPUR,107,118,191123,2359,193600
RAJASTHAN,8,"Jodhpur Gramin",107,2,6153,19,6174
RAJASTHAN,8,NAGAUR,110,22,110249,721,110992
RAJASTHAN,8,PALI,111,32,82433,654,83119
RAJASTHAN,8,Phalodi,772,2,8100,20,8122
RAJASTHAN,8,TONK,116,14,51051,390,51455
RAJASTHAN,8,UDAIPUR,117,78,126116,1191,127385
SIKKIM,11,Pakyong,741,0,2280,7,2287
"TAMIL NADU",33,Kallakurichi,729,8,40331,141,40480
"TAMIL NADU",33,KANCHIPURAM,574,214,130156,1763,132133
"TAMIL NADU",33,KANNIYAKUMARI,575,26,108043,605,108674
"TAMIL NADU",33,PERAMBALUR,581,7,22183,163,22353
"TAMIL NADU",33,PUDUKKOTTAI,582,14,72669,358,73041
"TAMIL NADU",33,RAMANATHAPURAM,583,9,57079,224,57312
"TAMIL NADU",33,SIVAGANGA,585,13,58537,267,58817
"TAMIL NADU",33,THANJAVUR,586,26,113830,607,114463
"TAMIL NADU",33,"THE NILGIRISH",587,9,37216,143,37368
"TAMIL NADU",33,THIRUVARUR,590,5,54335,191,54531
"TAMIL NADU",33,TIRUCHIRAPPALLI,591,45,137009,953,138007
"TAMIL NADU",33,TIRUVANNAMALAI,593,25,98351,418,98794
"TAMIL NADU",33,VILLUPURAM,596,23,99187,491,99701
TELANGANA,36,"BHADRADRI KOTHAGUDEM",690,3,39543,187,39733
TELANGANA,36,Jagitial,681,3,39261,141,39405
TELANGANA,36,Mulugu,720,1,7879,34,7914
TELANGANA,36,NAGARKURNOOL,694,1,27955,117,28073
TELANGANA,36,"RANGA REDDI",518,277,216297,3115,219689
TELANGANA,36,SURYAPET,696,6,48200,289,48495
TELANGANA,36,VIKARABAD,698,3,31746,130,31879
TELANGANA,36,WANAPARTHY,693,1,21949,88,22038
TRIPURA,16,"NORTH TRIPURA",270,1,15802,56,15859
TRIPURA,16,SEPAHIJALA,653,4,13339,68,13411
"UTTAR PRADESH",9,ALIGARH,119,53,110014,873,110940
"UTTAR PRADESH",9,FATEHPUR,142,5,36702,236,36943
"UTTAR PRADESH",9,KANNAUJ,155,3,28473,163,28639
"UTTAR PRADESH",9,"KANPUR DEHAT",156,9,32295,234,32538
"UTTAR PRADESH",9,KUSHINAGAR,160,11,54400,289,54700
"UTTAR PRADESH",9,MAINPURI,166,4,38219,239,38462
"UTTAR PRADESH",9,MAU,168,4,58823,154,58981
"UTTAR PRADESH",9,PRATAPGARH,174,7,52706,210,52923
UTTARAKHAND,5,BAGESHWAR,46,1,6038,8,6047
UTTARAKHAND,5,NAINITAL,51,16,45259,472,45747
UTTARAKHAND,5,"RUDRA PRAYAG",54,0,7100,14,7114
UTTARAKHAND,5,UTTARKASHI,57,1,9882,18,9901
"WEST BENGAL",19,BANKURA,305,13,53057,330,53400
"WEST BENGAL",19,DARJEELING,309,50,61368,992,62410
"WEST BENGAL",19,MALDA,316,15,88930,481,89426
"WEST BENGAL",19,MURSHIDABAD,319,27,143759,842,144628
"ANDAMAN AND NICOBAR ISLANDS",35,NIKOBARS,603,0,705,2,707
DELHI,7,SHAHDARA,671,28,22398,380,22806
"JAMMU AND KASHMIR",1,KULGAM,622,2,21201,50,21253
"THE DADRA AND NAGAR HAVELI AND DAMAN AND DIU",38,"DADRA AND NAGAR HAVELI",465,79,18399,522,19000
"THE DADRA AND NAGAR HAVELI AND DAMAN AND DIU",38,DAMAN,463,56,8416,372,8844
"ANDHRA PRADESH",28,ANANTHAPUR,502,33,125455,756,126244
"ANDHRA PRADESH",28,Kakinada,746,8,74406,233,74647
"ANDHRA PRADESH",28,Konaseema,747,10,49549,142,49701
"ANDHRA PRADESH",28,KRISHNA,510,109,113061,1993,115163
"ANDHRA PRADESH",28,KURNOOL,511,40,114220,788,115048
"ANDHRA PRADESH",28,NTR,749,20,94001,388,94409
"ARUNACHAL PRADESH",12,Bichom,787,0,24,0,24
"ARUNACHAL PRADESH",12,"Keyi Panyor",786,0,201,3,204
"ARUNACHAL PRADESH",12,LEPARADA,724,0,433,3,436
"ARUNACHAL PRADESH",12,LOHIT,234,1,1324,9,1334
"ARUNACHAL PRADESH",12,"PAKKE KESSANG",723,0,182,0,182
"ARUNACHAL PRADESH",12,"UPPER SIANG",240,0,362,3,365
"ARUNACHAL PRADESH",12,"UPPER SUBANSIRI",241,0,865,5,870
ASSAM,18,Biswanath,705,2,20565,79,20646
ASSAM,18,BONGAIGAON,281,7,24947,138,25092
ASSAM,18,CHARAIDEO,708,5,12767,42,12814
ASSAM,18,DHEMAJI,284,1,22614,77,22692
ASSAM,18,HAILAKANDI,289,3,20143,53,20199
ASSAM,18,KAMRUP,291,31,65545,410,65986
ASSAM,18,"KAMRUP METRO",618,187,84139,2113,86439
ASSAM,18,KARBI-ANGELONG,292,4,14675,73,14752
ASSAM,18,UDALGURI,617,0,19983,64,20047
BIHAR,10,BHAGALPUR,192,17,74813,373,75203
BIHAR,10,KISHANGANJ,203,7,27552,152,27711
BIHAR,10,"PURBI  CHAMPARAN",213,76,104833,576,105485
BIHAR,10,ROHTAS,215,9,49938,409,50356
BIHAR,10,SIWAN,222,1,50136,231,50368
BIHAR,10,VAISHALI,224,11,76462,316,76789
CHHATTISGARH,22,DANTEWADA,376,0,5269,33,5302
CHHATTISGARH,22,GARIABAND,645,2,13259,41,13302
CHHATTISGARH,22,"Gaurella Pendra Marwahi",734,0,5272,27,5299
CHHATTISGARH,22,KABIRDHAM,382,2,17259,88,17349
CHHATTISGARH,22,"KHAIRGARH CHHUIKHADAN GANDAI",759,0,5364,7,5371
CHHATTISGARH,22,KORBA,383,32,33127,355,33514
CHHATTISGARH,22,KOREA,384,0,9996,59,10055
CHHATTISGARH,22,RAIPUR,387,409,129696,3211,133316
GOA,30,"NORTH GOA",551,53,53633,660,54346
GUJARAT,24,ANAND,440,36,74597,704,75337
GUJARAT,24,"BANAS KANTHA",441,59,79196,1073,80328
GUJARAT,24,DANG,444,0,2392,12,2404
GUJARAT,24,JAMNAGAR,447,98,74079,1433,75610
GUJARAT,24,JUNAGADH,448,34,55102,796,55932
GUJARAT,24,MAHISAGAR,669,1,13984,55,14040
GUJARAT,24,PORBANDAR,456,12,20152,247,20411
GUJARAT,24,VALSAD,462,141,86624,1619,88384
HARYANA,6,"CHARKI DADRI",701,8,11548,118,11674
HARYANA,6,KAITHAL,66,34,58526,574,59134
JHARKHAND,20,"GARHWA ",328,1,18892,93,18986
JHARKHAND,20,GIRIDIH,329,11,52818,227,53056
JHARKHAND,20,"GUMLA ",331,1,12259,55,12315
JHARKHAND,20,"SERAIKELA-KHARSAWAN  ",341,44,25917,365,26326
JHARKHAND,20,"SIMDEGA ",342,0,7493,31,7524
KARNATAKA,29,GADAG,537,2,34265,233,34500
KARNATAKA,29,MYSURU,545,62,146369,1301,147732
KARNATAKA,29,TUMAKURU,548,30,100096,873,100999
KARNATAKA,29,VIJAYAPURA,530,37,65626,580,66243
KERALA,32,IDUKKI,556,19,37269,409,37697
KERALA,32,KOZHIKODE,561,94,104109,1093,105296
"MADHYA PRADESH",23,BARWANI,393,16,31575,228,31819
"MADHYA PRADESH",23,BHIND,395,6,28496,132,28634
"MADHYA PRADESH",23,DAMOH,400,5,24507,144,24656
"MADHYA PRADESH",23,"EAST NIMAR",405,9,34487,301,34797
"MADHYA PRADESH",23,Maihar,784,1,3249,13,3263
"MADHYA PRADESH",23,MANDLA,415,1,19852,126,19979
"MADHYA PRADESH",23,NEEMUCH,419,16,36541,304,36861
"MADHYA PRADESH",23,SAGAR,425,25,63540,435,64000
"MADHYA PRADESH",23,SATNA,426,22,45889,384,46295
"MADHYA PRADESH",23,SHAJAPUR,430,42,43456,216,43714
"MADHYA PRADESH",23,SIDHI,433,1,18870,82,18953
"MADHYA PRADESH",23,SINGRAULI,638,5,24693,183,24881
"MADHYA PRADESH",23,TIKAMGARH,434,7,19383,141,19531
MAHARASHTRA,27,HINGOLI,477,10,42666,241,42917
MAHARASHTRA,27,"MUMBAI ",482,1969,396471,13575,412015
MAHARASHTRA,27,OSMANABAD,488,11,86679,284,86974
MAHARASHTRA,27,SOLAPUR,496,75,268228,1578,269881
MAHARASHTRA,27,THANE,497,637,725434,8537,734608
MANIPUR,14,PHERZAWL,715,0,256,0,256
MANIPUR,14,TENGNOUPAL,716,1,1434,0,1435
MEGHALAYA,17,"EAST JAINTIA HILLS",657,2,3902,36,3940
MEGHALAYA,17,"EASTERN WEST KHASI HILLS",740,0,1074,1,1075
MEGHALAYA,17,"NORTH GARO HILLS",656,1,2342,6,2349
MEGHALAYA,17,"SOUTH GARO HILLS",277,0,2502,9,2511
MEGHALAYA,17,"WEST JAINTIA HILLS",275,0,5326,14,5340
MEGHALAYA,17,"WEST KHASI HILLS",279,0,2606,8,2614
MIZORAM,15,Hnahthial,726,0,486,1,487
MIZORAM,15,KOLASIB,263,0,3060,14,3074
MIZORAM,15,LAWNGTLAI,264,0,1359,4,1363
MIZORAM,15,SERCHHIP,268,1,2516,6,2523
NAGALAND,13,DIMAPUR,244,12,14054,119,14185
NAGALAND,13,Meluri,788,0,89,0,89
NAGALAND,13,Niuland,764,0,1032,1,1033
NAGALAND,13,Shamator,765,0,581,0,581
NAGALAND,13,TUENSANG,249,0,2098,0,2098
NAGALAND,13,ZUNHEBOTO,251,0,2116,3,2119
ODISHA,21,ANGUL,344,23,44470,411,44904
ODISHA,21,BARGARH,347,13,50685,255,50953
ODISHA,21,CUTTACK,350,67,116550,1067,117684
ODISHA,21,"MALKANGIRI  ",364,0,15424,65,15489
ODISHA,21,NAYAGARH,367,6,35946,116,36068
ODISHA,21,NUAPADA,368,0,16094,72,16166
ODISHA,21,RAYAGADA,370,1,20318,117,20436
ODISHA,21,SAMBALPUR,371,16,35280,392,35688
ODISHA,21,SONEPUR,372,2,22925,84,23011
PUNJAB,3,BATHINDA,28,41,73858,683,74582
PUNJAB,3,HOSHIARPUR,33,14,68881,379,69274
PUNJAB,3,MALERKOTLA,737,3,16044,45,16092
PUNJAB,3,MANSA,37,5,31593,203,31801
PUNJAB,3,RUPNAGAR,42,10,31797,177,31984
PUNJAB,3,"SRI MUKTSAR SAHIB",39,15,40041,290,40346
RAJASTHAN,8,BANSWARA,88,12,41095,194,41301
RAJASTHAN,8,BHILWARA,92,87,134872,1178,136137
RAJASTHAN,8,Gangapurcity,113,0,2231,7,2238
RAJASTHAN,8,"Jaipur Gramin",102,1,20425,47,20473
RAJASTHAN,8,RAJSAMAND,112,4,55581,240,55825
RAJASTHAN,8,Shahpura,92,0,1387,2,1389
"TAMIL NADU",33,Chengalpattu,730,16,107021,444,107481
"TAMIL NADU",33,CHENNAI,568,905,441364,9306,451575
"TAMIL NADU",33,NAMAKKAL,580,99,103060,1314,104473
"TAMIL NADU",33,Tenkasi,733,2,53274,191,53467
"TAMIL NADU",33,TUTICORIN,594,39,89531,694,90264
"TAMIL NADU",33,VELLORE,595,35,109799,706,110540
TELANGANA,36,Hanumakonda,686,27,47538,516,48081
TELANGANA,36,HYDERABAD,507,1025,310627,7900,319552
TELANGANA,36,"JAYASHANKAR BHUPALAPALLY",687,2,12688,47,12737
TELANGANA,36,KAMAREDDY,685,5,34018,140,34163
TELANGANA,36,KHAMMAM,509,15,65560,441,66016
TELANGANA,36,MEDAK,513,18,32733,275,33026
TELANGANA,36,"YADADRI BHUVANAGIRI",697,8,39362,179,39549
TRIPURA,16,"WEST TRIPURA",272,32,34375,399,34806
"UTTAR PRADESH",9,AURAIYA,122,2,24907,134,25043
"UTTAR PRADESH",9,AYODHYA,140,11,55552,333,55896
"UTTAR PRADESH",9,BALLIA,126,11,49039,229,49279
"UTTAR PRADESH",9,BAREILLY,130,64,124617,957,125638
"UTTAR PRADESH",9,BASTI,131,14,44882,261,45157
"UTTAR PRADESH",9,BHADOHI,179,2,39931,156,40089
"UTTAR PRADESH",9,BULANDSHAHAR,134,35,81809,674,82518
"UTTAR PRADESH",9,CHANDAULI,135,31,39587,269,39887
"UTTAR PRADESH",9,DEORIA,137,7,56693,245,56945
"UTTAR PRADESH",9,ETAWAH,139,8,35345,230,35583
"UTTAR PRADESH",9,FARRUKHABAD,141,1,31867,167,32035
"UTTAR PRADESH",9,GHAZIABAD,145,286,221701,3410,225397
"UTTAR PRADESH",9,GONDA,147,15,55182,285,55482
"UTTAR PRADESH",9,HAPUR,661,35,45644,483,46162
"UTTAR PRADESH",9,HATHRAS,163,19,35940,324,36283
"UTTAR PRADESH",9,JHANSI,153,23,64763,602,65388
"UTTAR PRADESH",9,"KANPUR NAGAR",157,205,178351,2775,181331
"UTTAR PRADESH",9,KAUSHAMBI,158,1,23649,98,23748
"UTTAR PRADESH",9,"LAKHIMPUR KHERI",159,10,53047,368,53425
"UTTAR PRADESH",9,MATHURA,167,35,106059,754,106848
"UTTAR PRADESH",9,MIRZAPUR,170,14,49243,290,49547
"UTTAR PRADESH",9,MORADABAD,171,34,103110,719,103863
"UTTAR PRADESH",9,MUZAFFARNAGAR,172,72,88659,762,89493
"UTTAR PRADESH",9,"SANT KABEER NAGAR",178,9,30419,137,30565
"UTTAR PRADESH",9,SONBHADRA,184,14,34255,272,34541
UTTARAKHAND,5,ALMORA,45,2,15013,36,15051
UTTARAKHAND,5,CHAMPAWAT,48,1,7874,31,7906
UTTARAKHAND,5,"PAURI GARHWAL",52,7,16385,74,16466
UTTARAKHAND,5,PITHORAGARH,53,1,12521,40,12562
UTTARAKHAND,5,"TEHRI GARHWAL",55,6,14636,71,14713
UTTARAKHAND,5,"UDHAM SINGH NAGAR",56,81,88820,1221,90122
"WEST BENGAL",19,"DAKSHIN DINAJPUR",310,5,30389,168,30562
"WEST BENGAL",19,"EAST MEDINIPUR",317,32,145119,1093,146244
"WEST BENGAL",19,HOOGHLY,312,43,120465,982,121490
"WEST BENGAL",19,Jhargram,703,2,16304,70,16376
"WEST BENGAL",19,"PURBA BARDHAMAN",306,29,103713,1074,104816
"ANDAMAN AND NICOBAR ISLANDS",35,"NORTH AND MIDDLE ANDAMAN",632,0,2879,4,2883
"ANDAMAN AND NICOBAR ISLANDS",35,"SOUTH ANDAMANS",602,4,15029,152,15185
DELHI,7,CENTRAL,77,389,72492,3739,76620
DELHI,7,"NEW DELHI",79,310,73986,2402,76698
DELHI,7,"NORTH WEST",82,504,192856,5517,198877
DELHI,7,"SOUTH WEST",84,245,111153,2459,113857
"JAMMU AND KASHMIR",1,ANANTNAG,1,23,54965,210,55198
"JAMMU AND KASHMIR",1,BANDIPORA,623,4,18582,21,18607
"JAMMU AND KASHMIR",1,GANDERBAL,626,1,25936,39,25976
"JAMMU AND KASHMIR",1,JAMMU,5,68,83638,988,84694
"JAMMU AND KASHMIR",1,RAJOURI,12,1,16936,64,17001
"JAMMU AND KASHMIR",1,SHOPIAN,625,2,15377,73,15452
LADAKH,37,KARGIL,6,0,5487,23,5510
PUDUCHERRY,34,MAHE,600,2,725,27,754
"THE DADRA AND NAGAR HAVELI AND DAMAN AND DIU",38,DIU,464,0,1116,22,1138
